Year of BIRTH,1950
Year of BIRTH,1951
Year of BIRTH,1952
Year of BIRTH,1953
Year of BIRTH,1954
Year of BIRTH,1955
Year of BIRTH,1956
Year of BIRTH,1957
Year of BIRTH,1958
Year of BIRTH,1959
Year of BIRTH,1960
Year of BIRTH,1961
Year of BIRTH,1962
Year of BIRTH,1963
Year of BIRTH,1964
Year of BIRTH,1965
Year of BIRTH,1966
Year of BIRTH,1967
Year of BIRTH,1968
Year of BIRTH,1969
Year of BIRTH,1970
Year of BIRTH,1971
Year of BIRTH,1972
Year of BIRTH,1973
Year of BIRTH,1974
Year of BIRTH,1975
Year of BIRTH,1976
Year of BIRTH,1977
Year of BIRTH,1978
Year of BIRTH,1979
Year of BIRTH,1980
Year of BIRTH,1981
Year of BIRTH,1982
Year of BIRTH,1983
Year of BIRTH,1984
Year of BIRTH,1985
Year of BIRTH,1986
Year of BIRTH,1987
Year of BIRTH,1988
Year of BIRTH,1989
Year of BIRTH,1990
Year of BIRTH,1991
Year of BIRTH,1992
Year of BIRTH,1993
Year of BIRTH,1994
Year of BIRTH,1995
Year of BIRTH,1996
Year of BIRTH,1997
Year of BIRTH,1998
Year of BIRTH,1999
Year of BIRTH,2000
Year of BIRTH,2001
Year of BIRTH,2002
Year of BIRTH,2003
Year of BIRTH,2004
Year of BIRTH,2005
Year of BIRTH,2006
Year of BIRTH,2007
Year of BIRTH,2008
Year of BIRTH,2009
Year of BIRTH,2010
Year of BIRTH,2011
Year of BIRTH,2012
Year of BIRTH,2013
Year of BIRTH,2014
Year of BIRTH,2015
Year of BIRTH,2016
Year of BIRTH,2017
Year of BIRTH,2018
Year of BIRTH,2019
Year of BIRTH,2020
Year of BIRTH,2021
Year of BIRTH,2022
Year of BIRTH,2023
Year of BIRTH,2024
Year of BIRTH,2025
Year of BIRTH,2026
Year of BIRTH,2027
Year of BIRTH,2028
Year of BIRTH,2029
Year of BIRTH,2030
Year of BIRTH,2031
Year of BIRTH,2032
Year of BIRTH,2033
Year of BIRTH,2034
Year of BIRTH,2035
Year of BIRTH,2036
Year of BIRTH,2037
Year of BIRTH,2038
Year of BIRTH,2039
Year of BIRTH,2040
Year of BIRTH,2041
Year of BIRTH,2042
Year of BIRTH,2043
Year of BIRTH,2044
Year of BIRTH,2045
Year of BIRTH,2046
Year of BIRTH,2047
Year of BIRTH,2048
Year of BIRTH,2049
Year of BIRTH,2050
